roc_auc,pr_auc,f1,sensitivity,specificity,threshold,fold,cv_type
0.9333333333333333,0.9361425826286,0.8870967741935484,0.9166666666666666,0.8392857142857143,0.4749999999999999,1,FINAL
0.9035560344827587,0.9044100609710006,0.8507462686567164,0.890625,0.7758620689655172,0.4749999999999999,2,FINAL
0.952504638218924,0.9558462372063069,0.8662420382165605,0.8831168831168831,0.8285714285714286,0.4749999999999999,3,FINAL
0.9601809954751132,0.9673645085543667,0.9172932330827067,0.9384615384615385,0.8627450980392157,0.4749999999999999,4,FINAL
0.9301169590643275,0.9110351228909724,0.8260869565217391,0.8444444444444444,0.881578947368421,0.4749999999999999,5,FINAL
