roc_auc,pr_auc,f1,sensitivity,specificity,threshold,fold,cv_type
0.9333333333333333,0.9361425826286,0.8780487804878049,0.9,0.8392857142857143,0.5,1,FINAL
0.9035560344827587,0.9044100609710006,0.8507462686567164,0.890625,0.7758620689655172,0.5,2,FINAL
0.952504638218924,0.9558462372063069,0.8589743589743589,0.8701298701298701,0.8285714285714286,0.5,3,FINAL
0.9601809954751132,0.9673645085543667,0.9172932330827067,0.9384615384615385,0.8627450980392157,0.5,4,FINAL
0.9301169590643275,0.9110351228909724,0.8131868131868132,0.8222222222222222,0.881578947368421,0.5,5,FINAL
