{
  "roc_auc": 0.9361565740635435,
  "pr_auc": 0.932398003907243,
  "f1": 0.871875,
  "sensitivity": 0.8971061093247589,
  "specificity": 0.8392282958199357,
  "threshold": 0.4749999999999999,
  "best_f1_objective": 0.871875,
  "cv_type": "FINAL"
}